agent_name,accumulated_total_amount,anp_commission,anp_commission_date
Safwan Nazri,8000.00,0.00,2026-05
TAN JIA HAO,121590.00,500.00,2026-02
TAN JIA HAO,96500.00,500.00,2026-03
TAN JIA HAO,21000.00,0.00,2026-04
TAN JIA HAO,44800.00,0.00,2026-05
TAN JIA HAO,59000.00,0.00,2026-06
Sunny Tan,165923.70,500.00,2026-03
Sunny Tan,230729.50,1000.00,2026-04
Sunny Tan,51000.00,0.00,2026-05
Sunny Tan,12000.00,0.00,2026-06
Vincent Tan,33503.25,0.00,2026-02
Vincent Tan,29000.00,0.00,2026-03
Vincent Tan,148800.00,500.00,2026-04
Vincent Tan,126688.00,500.00,2026-05
Vincent Tan,36500.00,0.00,2026-06
Teng Kah Kent,104900.00,500.00,2026-02
Teng Kah Kent,19800.00,0.00,2026-03
Teng Kah Kent,212400.00,1000.00,2026-04
Teng Kah Kent,17800.00,0.00,2026-05
Teng Kah Kent,25800.00,0.00,2026-06
MARTIN HING,99788.00,500.00,2026-03
MARTIN HING,97300.00,500.00,2026-04
MARTIN HING,51500.00,0.00,2026-05
CHING ZHE HANG,77696.46,500.00,2026-03
CHING ZHE HANG,177929.00,500.00,2026-04
CHING ZHE HANG,266670.00,1000.00,2026-05
CHING ZHE HANG,70000.00,500.00,2026-06
ZUL,83245.00,500.00,2026-02
ZUL,34000.00,0.00,2026-03
ZUL,19535.75,0.00,2026-04
ZUL,51500.00,0.00,2026-05
ZUL,26700.00,0.00,2026-06
JOSHUA YAP JIA HAO,30000.00,0.00,2026-05
Ng Zhan Yi,46000.00,0.00,2026-02
Ng Zhan Yi,30000.00,0.00,2026-03
Ng Zhan Yi,108200.00,500.00,2026-04
Ng Zhan Yi,263600.00,1000.00,2026-05
