payout_period,agent_name,agent_type,invoice_count,accumulated_total_amount,anp_commission
inv-2026-04_pay-2026-05,Safwan Nazri,FULL TIME,1,8000.00,0.00
inv-2026-04_pay-2026-05,TAN JIA HAO,internal,2,44800.00,0.00
inv-2026-04_pay-2026-05,Sunny Tan,internal,2,51000.00,0.00
inv-2026-04_pay-2026-05,Vincent Tan,internal,4,126688.00,500.00
inv-2026-04_pay-2026-05,Teng Kah Kent,internal,1,17800.00,0.00
inv-2026-04_pay-2026-05,MARTIN HING,internal,2,51500.00,0.00
inv-2026-04_pay-2026-05,CHING ZHE HANG,internal,10,266670.00,1000.00
inv-2026-04_pay-2026-05,ZUL,internal,2,51500.00,0.00
inv-2026-04_pay-2026-05,JOSHUA YAP JIA HAO,internal,1,30000.00,0.00
inv-2026-04_pay-2026-05,Ng Zhan Yi,internal,6,263600.00,1000.00
